Name,Gender
Aaliyah,f
Aaralyn,f
Aaren,m
Aaron,f
Abbey,m
Abbi,f
Abbie,f
Abby,f
Abe 1,f
Abegail,m
Abel,f
Abi,m
Abigail,f
Abigale,f
Abigayle,f
Abilene,f
Abner,f
Abraham,m
Abram 1,m
Acacia,m
Ace 1,f
Ada 1,m
Adair,f
Adaline,m
Adalyn,f
Adalynn,f
Adam,f
Adamina,f
Addie,m
Addilyn,f
Addison,f
Addy 1,f
Addyson,f
Adela,m
Adelaide,f
Adele,f
Adelia,f
Adeline,f
Adella,f
Adelle,f
Adelyn,f
Adelynn,f
Aden,f
Adena,f
Adler,f
Adolph,m
Adria,f
Adrian,m
Adriana,m
Adrianna,f
Adrianne,m
Adrienne,f
Agatha,f
Aggie,f
Agnes,f
Aidan,f
Aiden,f
Aileen,f
Aimee,m
Ainslee,m
Ainsley,f
Ainslie,f
Al,f
Alaia 2,f
Alaina,m
Alaiya,f
Alan,m
Alana,f
Alani,f
Alanis,f
Alanna,m
Alannah,f
Alannis,f
Alaya,f
Alayah,f
Alayna,f
Alban,f
Albert,f
Alberta,f
Albie,f
Albin,m
Alden,m
Aldous,f
Alea,m
Aleah,m
Alease,m
Alec,m
Alecia,f
Aleesha,f
Alene,f
Alesha,m
Alesia,f
Aleta,f
Aletha,f
Alethea,f
Alex,f
Alexa,f
Alexander,f
Alexandra,f
Alexandrea,m
Alexandria,f
Alexandrina,f
Alexia,m
Alexina,f
Alexis,f
Alexus,f
Alf 2,f
Alfie,f
Alfred,f
Alfreda,m
Algar,f
Alger,f
Algernon,m
Ali 2,m
Aliah,m
Alice,f
Alicia,m
Alijah,m
Aline,m
Alise 2,f
Alisha,f
Alishia,f
Alisia,f
Alison,m
Alissa,f
Alisya,f
Alita,f
Alivia,f
Allan,f
Allana,f
Allannah,f
Allegra,f
Allen,f
Allie,f
Allison,m
Allissa,f
Ally 1,f
Allycia,f
Allyn,m
Allyson,f
Alma 1,f
Alonzo,m
Alora,f
Aloysius,f
Alpha,f
Alphonso,m
Alphonzo,f
Alton,f
Alva 2,f
Alvena,m
Alvin,f
Alvina,m
Alyce,f
Alycia,m
Alys,m
Alysa,m
Alyse,m
Alysha,m
Alysia,f
Alyson,m
Alyssa,f
Alyssia,f
Alyx,f
Amabel,f
Amanda,f
Amaya,f
Amayah,f
Amber,f
Amberly,f
Amberlynn,f
Ambrose,f
Ambrosine,f
Amelia,f
America,f
Amery,f
Amethyst,f
Ami 2,f
Amias,f
Amie,f
Amilia,m
Amity,f
Amora,f
Amos,f
Amoura,m
Amy,f
Amyas,f
Anabella,f
Anabelle,m
Anastasia,f
Anaya,f
Anderson,f
Andi,f
Andie,m
Andre,f
Andrea 2,f
Andrew,m
Andrina,f
Andy,f
Anemone,f
Angel,f
Angela,m
Angelia,f
Angelica,m
Angelina,f
Angelle,m
Angie,f
Angus,m
Anima 2,f
Anise,m
Anissa,f
Anita 1,f
Anjanette,m
Anjelica,f
Ann,f
Anna,f
Annabel,f
Annabella,f
Annabelle,f
Annabeth,f
Annalee,m
Annalise,f
Anne 1,f
Anneka,f
Annette,f
Annice,f
Annie,f
Annika,f
Annis,f
Annmarie,f
Annora,f
Anona,f
Ansel,f
Anselm,f
Ansley,f
Anson,f
Anthony,f
Anton,f
Antonette,f
Antonia,f
Antony,f
Apple,f
April,f
Arabella,f
Araminta,f
Archer,m
Archibald,m
Archie,f
Ardath,m
Arden,m
Ardith,m
Aretha,f
Aria 1,f
Ariah,m
Ariana,f
Arianna,f
Aric,f
Ariel,f
Ariella,m
Arienne,m
Arin,m
Ariyah,f
Arleen,m
Arlen,f
Arlene,f
Arlie,f
Arline,f
Arlo,f
Armani,f
Arn,f
Arnie,m
Arnold,m
Arron,f
Art,f
Arthur,f
Artie,f
Arvel,m
Aryana,f
Ash,f
Asher,m
Ashlea,f
Ashlee,f
Ashleigh,m
Ashley,f
Ashlie,m
Ashlyn,m
Ashlynn,f
Ashton,m
Ashtyn,m
Asia 1,m
Aspen,m
Aspyn,m
Aster,m
Aston,m
Astor,f
Astoria,m
Astra,f
Astrid,m
Athelstan,f
Athena,m
Aubree,f
Aubrey,f
Aubriana,f
Aubrianna,f
Aubrie,m
Aubrielle,f
Audie,f
Audley,f
Audra 2,m
Audrea,f
Audrey,f
August,m
Augusta,f
Augustine 1,f
Aura,f
Aureole,f
Aurora,m
Austen,m
Austin,f
Auston,m
Austyn,f
Autumn,f
Ava 1,f
Avah,m
Avaline,f
Avalon,f
Aveline,m
Averie,f
Averill,f
Avery,f
Aviana,f
Avianna,f
Avice,m
Avis,f
Avonlea,m
Avril,f
Axel,f
Axl,f
Aydan 2,m
Ayden,f
Ayla 3,m
Aylmer,f
Azalea,f
Azaria,f
Azura,m
Azure,m
Babe,m
Babette,m
Babs,f
Bailee,f
Bailey,f
Baker,f
Baldric,f
Baldwin,f
Balfour,f
Bambi,f
Banks,m
Barb,f
Barbara,m
Barbie,f
Barbra,f
Barclay,f
Barnabas,f
Barnaby,f
Barney,f
Barret,f
Barrett,m
Barrie,m
Barry,m
Bart,m
Bartholomew,f
Basil 1,m
Baxter,f
Baylee,m
Bayley,f
Baylor,f
Baz,f
Bazza,m
Bea,m
Bear,f
Beatrice,f
Beatrix,f
Beau,f
Beauden,m
Beaumont,f
Beauregard,m
Becca,m
Becci,m
Beck,m
Becka,f
Beckah,m
Beckett,f
Beckham,f
Becky,f
Bee,f
Bekki,m
Belinda,m
Bella,m
Bellamy,m
Belle,m
Ben 1,m
Benedict,m
Benj,m
Benjamin,m
Benji,m
Benjy,m
Bennett,m
Bennie,f
Benny,m
Benson,f
Bentley,m
Benton,f
Berenice,m
Bernadette,m
Bernadine,f
Bernard,m
Bernetta,f
Bernice,f
Bernie,m
Berniece,f
Berny,m
Berry 1,m
Berry 2,m
Bert,f
Bertha,f
Bertie,m
Bertina,f
Bertram,f
Bertrand,f
Beryl,m
Bess,m
Bessie,f
Beth,f
Bethanie,f
Bethany,f
Bethel,f
Bethney,f
Betony,m
Betsy,f
Bette,m
Bettie,m
Betty,m
Bettye,m
Beulah,m
Bev,m
Bevan,m
Beverley,m
Beverly,m
Bevis,m
Biddy,m
Biff,m
Bill,f
Billie,f
Billy,f
Bindy,m
Birdie,f
Bishop,f
Blaine,m
Blair,f
Blaire,f
Blake,m
Blakely,f
Blanch,m
Blanche,f
Blaze,m
Blessing,f
Blondie,m
Blossom,f
Blue,f
Blythe,m
Bob,m
Bobbi,f
Bobbie,f
Bobby,f
Bodhi,f
Bodie,f
Boniface,f
Bonita,f
Bonnie,f
Booker,f
Boone,f
Boston,f
Bowen,f
Bowie,f
Boyce,f
Boyd,f
Brad,f
Braden,m
Bradford,f
Bradley,f
Brady,m
Braeden,m
Braelyn,f
Braelynn,m
Braiden,m
Braidy,m
Braith,f
Bram,m
Brand,f
Branda,f
Brande,m
Brandee,m
Branden,m
Brandi,f
Brandie,f
Brandon,m
Brandt,f
Brandy,f
Brannon,f
Branson,f
Brant,m
Brantley,m
Braxton,f
Brayden,f
Braylen,f
Braylon,m
Breana,f
Breann,f
Breanna,m
Breanne,m
Bree,f
Brenda,f
Brendan,m
Brenden,m
Brendon,m
Brenna,m
Brennan,m
Brent,f
Brenton,f
Bret,m
Brett,m
Bria,m
Brian,m
Briana,m
Brianna,f
Brianne,m
Briar,m
Brice,m
Bridger,m
Bridget,m
Bridgette,m
Brie,m
Briella,m
Brielle,f
Briggs,f
Brigham,m
Briley,m
Brinley,f
Brion,m
Briony,m
Briscoe,m
Bristol,f
Britannia,f
Britney,f
Brittani,m
Brittania,f
Brittany,f
Brittney,m
Brittni,m
Brittny,f
Britton,m
Brock,m
Brodie,m
Brody,m
Bronson,m
Bronte,m
Bronwyn,m
Brook,m
Brooke,f
Brooklyn,f
Brooklynn,f
Brooks,f
Bruce,f
Bryan,f
Bryana,m
Bryanna,m
Bryanne,m
Bryant,f
Bryce,m
Brycen,m
Brylee,m
Bryn,m
Brynlee,m
Brynn,f
Brynne,m
Bryon,f
Bryony,f
Bryson,f
Buck,m
Bud,f
Buddy,m
Buffy,m
Bugsy,f
Bunny,f
Burgundy,f
Burke,f
Burt,f
Burton,m
Buster,m
Buzz,f
Byrne,f
Byron,m
Bysshe,f
Cade,m
Caden,f
Cadence,f
Caelan,f
Caelie,f
Caetlin,f
Caiden,f
Caileigh,f
Cailin,f
Cailyn,f
Cairo,m
Caitlin,m
Caitlyn,m
Cal,m
Calanthe,m
Calanthia,m
Cale,f
Caleb,f
Caleigh,m
Cali 1,f
Calista,f
Calla,f
Callahan,m
Callan,f
Calleigh,m
Callie,m
Callista,m
Calvin,f
Cam 2,f
Camden,f
Camellia,m
Cameron,m
Camilla,m
Camille,f
Cammie,m
Campbell,f
Camron,f
Camryn,f
Candace,f
Candi,m
Candice,f
Candida,m
Candis,m
Candy,m
Candyce,m
Cannon,f
Capri,m
Caprice,f
Capricia,f
Cara,m
Careen,m
Caren,m
Carey,m
Cari,m
Carina 1,m
Caris,m
Carissa,m
Carl,m
Carla,m
Carlene,f
Carleton,m
Carley,f
Carlie,f
Carlisa,m
Carlisle,f
Carlton,f
Carly,f
Carlyle,m
Carlyn,f
Carmel,f
Carmella,m
Carmen,f
Carol 1,f
Carolann,m
Carolina,m
Caroline,f
Carolyn,f
Carreen,f
Carrie,f
Carrol,m
Carry,m
Carson,f
Carter,f
Carver,f
Cary,m
Caryl,m
Caryn,f
Case,m
Casey,f
Cash,m
Casimir,f
Cason,f
Cass,f
Cassandra,m
Cassarah,f
Cassidy,m
Cassie,f
Cassy,m
Cat,f
Cate,m
Catharine,f
Catherin,f
Catherina,f
Catherine,f
Cathleen,f
Cathryn,f
Cathy,f
Cavan,m
Cayden,f
Cayla,f
Caylee,f
Cayley,f
Cayson,f
Ceara,f
Cearra,m
Cece,f
Cecelia,f
Cecil,f
Cecilia,f
Cecily,f
Cedar,m
Cedric,f
Celandine,f
Celeste,m
Celestine,f
Celia,f
Celinda,f
Celine,m
Chace,f
Chad,m
Chadwick,f
Chalice,m
Chance,f
Chandler,f
Chanel,f
Chanelle,f
Channing,f
Chantal,m
Chanté,f
Chantel,f
Chantelle,f
Charisma,f
Charissa,f
Charisse,f
Charity,m
Charla,f
Charlee,f
Charleen,m
Charleigh,f
Charlene,m
Charles,m
Charley,m
Charli,f
Charlie,f
Charlotte,f
Charlton,m
Charmaine,m
Charnette,f
Chas,m
Chase,m
Chasity,m
Chastity,f
Chauncey,m
Chaz,f
Chelle,f
Chelsea,f
Chelsey,m
Chelsie,f
Cher,f
Cherette,f
Cheri,m
Cherice,f
Cherie,f
Cherilyn,f
Cherise,f
Cherish,f
Cherokee,f
Cherry,f
Cherryl,f
Cheryl,m
Chesley,m
Chester,f
Chet,f
Chevonne,f
Cheyanne,m
Cheyenne,f
Chile,f
China,f
Chip,f
Chloe,m
Chloë,f
Chris,f
Chrissie,f
Chrissy,m
Christa,m
Christabel,f
Christabella,f
Christabelle,m
Christal,f
Christen 2,m
Christi,f
Christian,f
Christiana,f
Christie,m
Christina,m
Christine,m
Christmas,f
Christobel,m
Christopher,m
Christy,f
Chrysanta,f
Chrystal,f
Chuck,m
Chuckie,f
Chucky,f
Chyna,f
Ciara 2,f
Cicely,f
Ciera,f
Cierra,f
Cinda,f
Cindi,f
Cindra,f
Cindy,f
Cissy,f
Clair,f
Claire,f
Clancy,m
Clara,m
Clare,f
Clarence,f
Clarette,m
Claribel,f
Clarice,f
Clarinda,m
Clarissa,f
Clarity,f
Clark,m
Claud,m
Claude,f
Claudia,f
Clay,m
Clayton,m
Clem,f
Clematis,f
Clemence,f
Clemency,f
Clement,f
Clementine,f
Cleo,f
Cletis,f
Cletus,f
Cleve,f
Cleveland,f
Cliff,f
Clifford,f
Clifton,m
Clint,f
Clinton,f
Clive,f
Clotilda,m
Clover,f
Clyde,m
Coby,m
Codie,f
Cody,f
Cohen,f
Colbert,m
Colby,f
Cole,m
Coleen,f
Coleman,f
Colene,m
Colin 1,f
Colin 2,f
Colleen,f
Collin,f
Collins,f
Collyn,f
Colson,f
Colt,f
Colten,f
Colter,f
Colton,m
Columbine,f
Comfort,f
Connell,m
Conner,f
Connie,f
Connor,m
Conor,f
Conrad,f
Constance,m
Constant,f
Conway,m
Cooper,f
Cora,f
Coral,m
Corbin,m
Cordelia,m
Cordell,f
Coreen,f
Coretta,f
Corey,f
Cori,f
Coriander,f
Corie,f
Corina,f
Corinna,f
Corinne,f
Cornelia,m
Cornelius,f
Cornell,m
Corrie,f
Corrina,f
Corrine,f
Cortney,m
Corwin,f
Cory,f
Corynn,f
Cosmo,f
Coty,f
Courteney,f
Courtney,m
Coy,m
Craig,m
Crawford,f
Cree,f
Creighton,m
Crew,m
Crispian,m
Crispin,f
Cristen,f
Crofton,f
Crystal,m
Cullen,f
Curran,f
Curt,m
Curtis,m
Cuthbert,m
Cy,m
Cyan,m
Cybill,m
Cydney,m
Cymone,m
Cyndi,m
Cynthia,m
Cyril,m
Cyrilla,f
Cyrus,f
Dacre,m
Daffodil,m
Dahlia,f
Daisy,m
Dakota,f
Dale,m
Daley,m
Dallas,m
Dalton,m
Daly,m
Damian,f
Damion,m
Damon,f
Dan 2,m
Dana 2,m
Dane,f
Danette,m
Dani 1,f
Danica,m
Daniel,f
Daniela,m
Daniella,m
Danielle,m
Danika,m
Danita,m
Danna,m
Danni,f
Dannie,f
Danny,m
Daphne,m
Darby,f
Darcey,m
Darcie,m
D'Arcy,m
Darcy,m
Darden,f
Darell,m
Daren,m
Daria,m
Darian,f
Dariel,f
Darien,m
Darin,f
Darion,m
Darius,f
Darla,f
Darleen,m
Darlene,f
Darnell,f
Darrel,f
Darrell,f
Darren,f
Darrin,f
Darryl,f
Darwin,m
Daryl,m
Dash,f
Dashiell,f
Dave,f
Davena,f
Davey,m
David,m
Davida,m
Davie,f
Davin,m
Davina,m
Davinia,f
Davis,f
Davy,m
Dawn,m
Dawson,m
Dax,m
Daxton,m
Dayna,f
Dayton,m
Deacon,m
Dean,m
Deana,m
Deanna,f
Deanne,m
Deb,f
Debbi,m
Debbie,m
Debby,m
Debi,m
Deborah,m
Debra,m
Declan,f
Dederick,m
Dee,f
Deeann,f
Deedee,f
Deemer,f
Deena,f
Deforest,m
Deforrest,f
Deidra,m
Deidre,m
Deirdre,f
Deitra,f
Delaney,f
Delano,m
Delbert,f
Delia 1,m
Delia 2,f
Delice,f
Delicia,m
Delight,m
Delilah,f
Dell,m
Della,f
Delma,m
Delmar,m
Delora,m
Delores,m
Deloris,m
Delphia,m
Delroy,f
Delta,m
Demelza,f
Demetria,f
Demi,f
Den,m
Dena,f
Dene,f
Denholm,f
Denice,f
Denis,f
Denise,f
Dennis,f
Denny,m
Denton,m
Denver,f
Denzel,m
Denzil,f
Deon,m
Deonne,f
Derby,f
Derek,f
Derick,f
Derren,m
Derrick,f
Derryl,m
Deryck,m
Des,m
Desi,m
Desirae,f
Desiree,m
Desmond,f
Destinee,m
Destiny,m
Detta,m
Devan,m
Deven,m
Devereux,f
Devin,f
Devon,f
Devyn,m
Dewayne,m
Dewey,m
Dex,m
Dexter,m
Dezi,m
Deziree,m
Di,m
Diamond,m
Diana,m
Diane,m
Diann,f
Dianna,m
Dianne,m
Diantha,f
Dick 1,m
Digby,m
Diggory,f
Dillan,f
Dillon,m
Dina 2,m
Dinah,f
Dion,m
Dione 2,m
Dionne,m
Dior,f
Dirk,m
Dixie,m
Dixon,m
Docia,f
Dodie,f
Dollie,f
Dolly,f
Dolores,f
Dolph,f
Dom,f
Domenic,f
Dominic,f
Dominica,f
Dominick,m
Don,m
Dona,f
Donald,m
Donelle,f
Donna,f
Donnie,m
Donny,f
Donovan,m
Dora,m
Doran,f
Dorean,f
Doreen,f
Doretta,f
Doria,f
Dorian,m
Dorinda,m
Dorine,f
Doris,f
Dorothea,f
Dorothy,f
Dorris,f
Dortha,f
Dorthy,m
Dory,f
Dot,f
Dottie,f
Dotty,m
Doug,f
Douglas,f
Douglass,f
Dove,f
Doyle,m
Drake,f
Dre,f
Drea,f
Dream,f
Dreda,m
Drew,f
Drina,m
Driscoll,f
Driskoll,m
Drogo,f
Drummond,m
Duana,f
Duane,m
Dudley,m
Duff,m
Duke,m
Dulcibella,m
Dulcie,m
Duncan,m
Dunstan,f
Durward,m
Dustin,f
Dusty,m
Dutch,m
Dwain,m
Dwayne,m
Dwight,m
Dyan,m
Dylan,m
Dyson,m
Earl,f
Earle,f
Earleen,f
Earlene,m
Earline,f
Earnest,f
Earnestine,f
Eartha,m
Easter,f
Easton,m
Ebba 2,m
Eben,m
Ebenezer,f
Ed,m
Eddie,f
Eddy,f
Eden,m
Edgar,m
Edie,m
Edison,m
Edith,m
Editha,m
Edmund,f
Edna,f
Edric,f
Edward,f
Edweena,f
Edwena,f
Edwin,f
Edwina,f
Edwyn,f
Edwyna,f
Edytha,m
Edythe,m
Effie,m
Egbert,m
Eglantine,m
Egypt,f
Eileen,f
Eireen,m
Eithan,f
Elaina,f
Elaine,f
Eldon,m
Eldred,m
Elea,f
Eleanor,m
Eleanora,f
Eleanore,f
Elena,f
Elenora,f
Elfleda,f
Elfreda,m
Elfrida,m
Elfrieda,m
Eli 1,m
Eliana 1,f
Elianna,m
Elias,m
Elicia,f
Elihu,m
Elijah,f
Elinor,f
Eliot,m
Eliott,m
Elisa,m
Elisabeth,f
Elise,m
Elissa 2,f
Eliza,f
Elizabeth,f
Ella 1,f
Ella 2,m
Elle,f
Ellen 1,f
Ellery,f
Elliana,f
Ellie,f
Ellington,f
Elliot,f
Elliott,f
Ellis,f
Elly,f
Elma,f
Elmer,f
Elmo,m
Elnora,m
Elodie,m
Eloise,f
Elora,m
Elouise,m
Elroy,m
Elsa,f
Elsabeth,f
Elsdon,f
Elsie,m
Elton,f
Elvin 1,m
Elvina,m
Elvis,m
Elwin,m
Elwood,f
Elwyn,m
Ely,m
Elyse,m
Elyzabeth,m
Em,f
Emalee,f
Ember,m
Emberly,m
Emelia,m
Emely,m
Emerald,m
Emerie,f
Emerson,m
Emersyn,m
Emery,m
Emil,m
Emile,f
Emilee,m
Emilia,m
Emily,m
Emma,m
Emmaline,f
Emmalyn,f
Emmanuel,f
Emmeline,m
Emmerson,f
Emmet,f
Emmett,f
Emmie,m
Emmitt,f
Emmy,m
Emmylou,m
Emory,m
Enid,m
Ennis,f
Enola,m
Epiphany,f
Eppie,m
Eric,m
Erica,f
Erick,m
Ericka,f
Erik,f
Erika,m
Erin,f
Erle 2,m
Erma,m
Ermintrude,f
Ern,f
Ernest,m
Ernestine,f
Ernie,m
Errol,f
Erskine,f
Erykah,f
Eryn,f
Esmae,m
Esmaralda,f
Esme,f
Esmé,m
Esmée,f
Esmee,f
Esmeralda,m
Esmond,f
Esmund,f
Essence,m
Essie,m
Esta,f
Estella,f
Estelle,f
Esther,f
Ethan,f
Ethel,f
Ethelbert,f
Ethelinda,f
Ethelred,f
Ethelyn,f
Etta,m
Ettie,f
Eugene,f
Eugenia,m
Eugenie,f
Eula,m
Eulalia,m
Eunice,f
Euphemia,m
Eustace,m
Eustacia,f
Eva,f
Evaline,f
Evalyn,f
Evan,f
Evangelina,f
Evangeline,f
Eve,f
Eveleen,f
Evelina,f
Eveline,m
Evelyn,f
Evelynn,f
Ever,f
Everard,f
Everest,m
Everett,m
Everette,m
Everitt,m
Everlee,f
Everleigh,f
Everly,f
Evette,m
Evie,m
Evonne,f
Evvie,f
Ewart,f
Ezekiel,f
Ezra,f
Fabian,m
Fae,f
Faith,f
Faithe,m
Fallon,f
Fancy,m
Fannie,m
Fanny,f
Farley,m
Faron,m
Farrell,m
Favour,m
Fawn,m
Fay,f
Faye,f
Felecia,f
Felicia,f
Felicity,f
Felisha,f
Felix,f
Femie,f
Fenton,f
Ferdie,f
Ferdinand,m
Ferdy,f
Fern,f
Ferne,m
Finlay,f
Finley,m
Finn 1,m
Finnegan,f
Finnley,f
Fiona,f
Fisher,f
Fitz,f
Fitzroy,f
Flanagan,m
Flannery,f
Fletcher,m
Fleur,f
Fleurette,m
Flick,m
Flint,f
Flo,m
Floella,f
Flora,f
Florence,m
Floretta,f
Florrie,f
Florry,m
Flossie,f
Flower,f
Floyd,f
Flynn,m
Ford,f
Forest,m
Forrest,f
Fortune,m
Foster 1,f
Foster 2,f
Fox,m
Fran,f
Francene,f
Frances,m
Francine,m
Francis,f
Frank,m
Frankie,m
Franklin,m
Franklyn,f
Frannie,f
Franny,f
Fraser,f
Frazier,f
Fred,m
Freda,m
Freddie,f
Freddy,f
Frederic,f
Frederica,f
Frederick,m
Fredric,m
Fredrick,f
Freeman,f
Freida,f
Freya,f
Friday,f
Frieda,f
Frona,m
Fulk,f
Fulke,m
Fulton,f
Gabby,m
Gabe,f
Gabriel,f
Gabriella,f
Gabrielle,m
Gaby,f
Gae,f
Gael,f
Gage,f
Gail,f
Gaila,f
Gale 1,m
Gale 2,f
Galen,f
Galilea,f
Gallagher,f
Gardenia,m
Gareth,f
Garey,f
Garfield,f
Garland,f
Garnet 1,f
Garnet 2,f
Garnett,f
Garnette,m
Garret,f
Garrett,m
Garrick,f
Garry,m
Garth,m
Gary,f
Gavin,m
Gay,m
Gaye 1,m
Gayelord,f
Gayla,f
Gayle,f
Gaylord,f
Gaynor,f
Gaz,f
Geena,f
Geffrey,m
Gemma,m
Gena 1,m
Gene,m
Genesis,f
Genette,f
Geneva,f
Genevieve,f
Genie,f
Geoff,f
Geoffrey,f
Geordie,m
George,m
Georgeanna,m
Georgene,m
Georgetta,f
Georgia,f
Georgiana,f
Georgianna,f
Georgie,f
Georgina,f
Gerald,f
Geraldine,f
Geralyn,m
Gerard,f
Geri,m
Gerrard,m
Gerri,m
Gerry,m
Gertie,f
Gertrude,f
Gervase,m
Giana,m
Gianna,f
Gib,m
Gibson,m
Gideon,m
Giffard,f
Gift,m
Gifty,m
Gil 2,m
Gilbert,m
Giles,f
Gill,m
Gillian,f
Gilroy,f
Gina,f
Ginger,m
Ginnie,m
Ginny,f
Giselle,f
Gisselle,f
Githa,f
Gladwin,m
Gladwyn,f
Gladys,f
Glanville,f
Glen,f
Glenda,f
Glenn,m
Glenna,m
Gloria,m
Gloriana,m
Glory,m
Goddard,m
Godfrey,f
Goldie 1,m
Goodwin,m
Gord,m
Gorden,m
Gordie,f
Gordon,f
Gordy,f
Gore,f
Grace,m
Gracelyn,f
Gracelynn,m
Gracie,m
Grady,f
Graeme,m
Graham,m
Grahame,f
Grant,m
Granville,f
Gray,m
Graysen,m
Grayson,m
Greer,f
Greg,m
Gregg,f
Gregory,m
Grenville,m
Gresham,f
Greta,m
Gretchen,m
Gretta,m
Grey,m
Greyson,f
Grier,f
Griffin,m
Griselda,f
Grosvenor,f
Grover,m
Gunner,m
Gus 1,m
Gussie,f
Guy 1,m
Gwen,m
Gwenda,f
Gwendoline,f
Gwendolyn,f
Gwenevere,m
Gwyneth,f
Gyles,m
Gypsy,m
Gytha,f
Hadley,f
Hadyn,f
Hailee,m
Hailey,m
Hailie,f
Hal,m
Hale 2,f
Haleigh,m
Haley,m
Hall,m
Hallam,m
Halle 2,f
Hallie,m
Halo,f
Hamilton,m
Hammond,f
Hamnet,f
Hank,m
Hannah,m
Happy,m
Harding,m
Hardy 1,m
Harlan,m
Harland,m
Harlee,f
Harleigh,f
Harley,m
Harlow,f
Harmon,f
Harmonie,m
Harmony,m
Harold,f
Harper,m
Harriet,f
Harriett,m
Harrietta,f
Harriette,f
Harris,m
Harrison,f
Harry,f
Hartley,f
Harve,f
Harvey,f
Harvie,m
Hattie,m
Hatty,m
Haven,m
Hayden,f
Haydn,f
Hayes,f
Haylee,f
Hayleigh,f
Hayley,f
Haylie,f
Haywood,m
Haze,f
Hazel,m
Headley,f
Heath,f
Heather,m
Heaven,f
Heavenly,m
Hector,f
Hedley,m
Heidi,f
Helen,f
Helena,f
Hellen,m
Henderson,f
Hendrix,f
Henrietta,m
Henry,m
Hepsie,m
Herb,m
Herbert,m
Herbie,f
Herman,f
Hervey,m
Hester,m
Hettie,m
Hewie,f
Hilary,f
Hilda,m
Hildred,f
Hillary,f
Hiram,f
Holden,f
Hollie,f
Hollis,f
Holly,f
Homer,m
Honey,m
Honor,f
Honora,m
Honour,m
Hope,f
Horace,m
Horatio,f
Hortense,f
Houston,f
Howard,f
Howie,m
Hoyt,m
Hubert,f
Hudson,m
Huey,m
Hugh,m
Hughie,m
Hugo,m
Humbert,m
Humphrey,m
Humphry,f
Hunter,f
Huxley,f
Hyacinth 2,f
Hylda,m
Hyram,m
Hyrum,m
Ian,m
Ibbie,m
Ida,m
Idella,m
Idelle,f
Idonea,m
Idony,m
Iggy,f
Ike,m
Ilean,m
Ileen,m
Ilene,m
Imogen,m
Imogene,m
Ina,f
India,f
Indiana,f
Indie,m
Indigo,f
Indy 2,m
Inez,f
Ingram,m
Inigo,m
Innocent,f
Iola,m
Iona 1,m
Ione,m
Ira 1,m
Ireland,f
Irene,m
Iris,f
Irma,f
Irvin,f
Irvine,f
Irving,f
Irwin,f
Isaac,m
Isabel,f
Isabella,f
Isabelle,f
Isador,m
Isadora,m
Isadore,f
Isaiah,f
Isbel,f
Isebella,f
Isiah,m
Isidora,m
Isidore,f
Isla,f
Israel,m
Issac,m
Issy,f
Ivan,f
Ivor,f
Ivy,m
Izabelle,m
Izaiah,m
Izzy,m
Jace,f
Jacey,f
Jaci 1,m
Jacinda,m
Jacinth,m
Jack,m
Jackalyn,m
Jacki,f
Jackie,f
Jacklyn,m
Jackson,f
Jaclyn,f
Jacob,m
Jacqueline,m
Jacquelyn,f
Jacquetta,f
Jacqui,m
Jada 1,f
Jade,m
Jaden,f
Jadyn,f
Jae 2,f
Jagger,f
Jai 2,m
Jaida,m
Jaiden,m
Jaime 2,m
Jaimie,f
Jake,m
Jaki,m
Jakki,m
James,f
Jameson,f
Jamey,f
Jami 1,m
Jamie,m
Jamison,f
Jan 2,m
Janae,m
Jane,f
Janeka,f
Janel,f
Janele,f
Janella,m
Janelle,m
Janene,f
Janessa,f
Janet,m
Janetta,m
Janette,f
Janey,f
Janice,f
Janie,m
Janine,m
Janis,f
Janna,f
Jannah,f
Jannette,f
Jannine,m
January,m
Jaqueline,f
Jaquelyn,m
Jared,f
Jaren,m
Jarod,m
Jaron 2,m
Jarred,m
Jarrett,m
Jarrod,f
Jarvis,f
Jase,m
Jaslene,f
Jaslyn,m
Jasmin 1,f
Jasmine,f
Jasmyn,m
Jason,f
Jasper,m
Jax,m
Jaxon,f
Jaxson,m
Jaxton,f
Jaxtyn,f
Jaxx,m
Jaxxon,f
Jay 1,f
Jayce,m
Jaycee,f
Jayceon,f
Jaycob,f
Jayda,m
Jayde,m
Jayden,f
Jaydon,m
Jaye,m
Jayla,m
Jaylah,m
Jaylee,m
Jayleen,m
Jaylen,m
Jaylene,m
Jaylin,m
Jaylyn,m
Jaylynn,m
Jayma,m
Jayme,m
Jaymes,m
Jayna,f
Jayne,m
Jaynie,f
Jayson,f
Jazlyn,m
Jazmin,m
Jazmine,m
Jazmyn,f
Jean 2,f
Jeana,f
Jeane,f
Jeanette,f
Jeanie,f
Jeanine,m
Jeanna,m
Jeanne,f
Jeannette,f
Jeannie,f
Jeannine,f
Jeb,f
Jed,f
Jeff,f
Jefferson,f
Jeffery,m
Jeffrey,f
Jeffry,f
Jem,m
Jemima,f
Jemma,f
Jemmy,m
Jen,m
Jena,m
Jenae,f
Jenelle,f
Jenessa,f
Jeni,m
Jenifer,f
Jenn,f
Jenna,f
Jenni,f
Jennica,m
Jennie,m
Jennifer,m
Jenny,m
Jensen,m
Jenson,f
Jep,f
Jepson,f
Jeptha,m
Jerald,f
Jere,m
Jeremiah,m
Jeremy,f
Jeri,f
Jericho,m
Jerilyn,f
Jerold,m
Jerome,f
Jerrard,m
Jerred,m
Jerri,m
Jerrie,f
Jerrod,m
Jerrold,m
Jerry,f
Jervis,f
Jess,m
Jessa,m
Jessalyn,f
Jessamine,m
Jessamyn,f
Jesse,m
Jessi,f
Jessica,f
Jessie 1,f
Jessie 2,m
Jessika,f
Jessy,f
Jessye,m
Jett,f
Jewel,f
Jewell,m
Jez,f
Jezza,m
Jill,f
Jillian,f
Jillie,f
Jilly,f
Jim,f
Jimi,f
Jimmie,m
Jimmy,m
Jinny,f
Jo,f
Joan 1,m
Joandra,m
Joanie,f
Joann,m
Joanna,m
Jo-Anne,f
Joanne,m
JoBeth,f
Joby,f
Jocelin,f
Jocelyn,m
Jodene,f
Jodi,f
Jodie,m
Jody,m
Joe,m
Joel,f
Joella,f
Joelle,m
Joetta,f
Joey,m
Johanna,f
John,f
Johna,f
Johnathan,f
Johnathon,f
Johnie,f
Johnna,f
Johnnie,f
Johnny,f
John Paul,f
Johnson,f
Joi,f
Joisse,f
Jojo,f
Joleen,f
Jolene,f
Jolie,f
Joline,f
Jolyon,f
Jon 2,f
Jonah,f
Jonathan,f
Jonathon,f
Jonelle,f
Jones,f
Jonette,m
Joni 1,m
Jonie,m
Jonny,m
Jonquil,m
Jonty,m
Jools,m
Jordan,m
Jordana,m
Jordin,f
Jordon,f
Jordyn,f
Jorie,f
Jorja,f
Josceline,m
Joselyn,m
Joseph,m
Josepha,m
Josephina,m
Josephine,m
Josey,m
Josh,m
Joshua,m
Josiah,m
Josie,m
Joslyn,f
Joss,m
Josslyn,m
Journee,m
Journey,f
Journi,f
Joy,m
Joyce,f
Joye,m
Jream,f
Judd,m
Jude 1,f
Jude 2,f
Judi,f
Judie,f
Judith,m
Judy,f
Jules 2,f
Julia,m
Julian,f
Juliana,f
Julianna,f
Julianne,f
Julie,f
Juliet,m
Julius,m
July,f
Julyan,f
June,f
Junior,m
Juniper,f
Justice,f
Justin,f
Justina,f
Justine,f
Justy,f
Kacey,f
Kacie,f
Kade,f
Kaden,f
Kadence,f
Kae,f
Kaeden,f
Kaelea,f
Kaelee,f
Kaelyn,m
Kaety,m
Kai 1,m
Kaiden,m
Kaila,m
Kailee,m
Kailey,m
Kailyn,m
Kairo,f
Kaison,f
Kaitlin,m
Kaitlyn,f
Kaitlynn,f
Kaleb,f
Kaleigh,f
Kal-El,f
Kaley,f
Kali 2,f
Kalie,f
Kalla,f
Kallie,f
Kalyn,f
Kalysta,f
Kam,f
Kamden,f
Kameron,m
Kamryn,m
Kandace,m
Kandi,m
Kane,m
Kaolin,m
Kara 1,m
Karaugh,m
Karen 1,m
Karena,f
Karina,m
Karissa,f
Karl,m
Karlee,m
Karlene,m
Karly,m
Karol 2,f
Karolyn,f
Karrie,m
Karson,m
Karsyn,m
Karter,f
Karyn,m
Kasandra,m
Kasen,f
Kasey,f
Kash,f
Kashton,f
Kason,f
Kassandra,m
Kassia,f
Kassidy,f
Kassie,f
Kassy,m
Kat,f
Kate,m
Katee,f
Katelin,f
Katelyn,m
Katelynn,f
Katey,m
Katharine,f
Katharyn,m
Katherina,m
Katherine,m
Katheryn,f
Katheryne,f
Kathi,f
Kathie,f
Kathleen,m
Kathlyn,m
Kathryn,m
Kathy,f
Katie,m
Katlyn,f
Katrina,f
Katy,m
Kay 1,f
Kaya 2,f
Kayce,f
Kaycee,f
Kayden,f
Kaydence,f
Kaye,f
Kayla,f
Kaylan,m
Kaylani,m
Kayleah,f
Kaylee,f
Kayleen,m
Kayleigh,f
Kaylen,f
Kayley,f
Kaylie,f
Kaylin,m
Kayly,m
Kaylyn,m
Kaylynn,f
Kaysen,f
Kayson,f
Kean,m
Keane,f
Keanna,f
Keara,m
Keaton,f
Keefe,m
Keegan,m
Keeleigh,m
Keeley,f
Keely,f
Kegan,m
Kehlani,f
Keighley,m
Keila,m
Keira,m
Keiran,f
Keith,f
Keitha,m
Kelan,f
Kelcey,f
Kelda,f
Kelia,f
Kellan,f
Kelleigh,m
Kellen,m
Kelley,m
Kelli,m
Kellie,m
Kelly,f
Kelsea,m
Kelsey,f
Kelsi,f
Kelsie,f
Kelvin,m
Kemp,f
Ken 1,m
Kendal,m
Kendall,f
Kendra,m
Kendrick,f
Kenelm,f
Kenith,f
Kennard,m
Kennedi,m
Kennedy,f
Kenneth,f
Kennith,f
Kenny,f
Kenrick,f
Kensley,m
Kent,f
Kenton,f
Kenya,f
Kenyon,m
Kenzie,m
Kerena,m
Keri,m
Kermit,f
Kerri,f
Kerrie,f
Kerry,m
Kester,f
Kestrel,f
Kev,f
Kevan,f
Kevin,f
Kevyn,f
Khloe,m
Kian 2,f
Kiana 1,f
Kianna,m
Kiara,m
Kiaran,f
Kiarra,f
Kiefer,f
Kiera,f
Kieran,f
Kieron,f
Kierra,m
Kiersten,f
Kiki,m
Kiley,f
Kilie,f
Kim 1,f
Kimball,f
Kimber,f
Kimberlee,m
Kimberleigh,f
Kimberley,m
Kimberly,m
Kimberlyn,f
Kimbra,m
Kimmie,f
Kimmy,m
King,f
Kingsley,m
Kingston,f
Kinley,f
Kinsey,m
Kinslee,f
Kinsley,f
Kip,f
Kipling,m
Kira 2,m
Kirby,f
Kirk,f
Kirrily,m
Kirsten,f
Kit,f
Kitty,f
Kizzie,f
Kizzy,m
Klay,m
Knox,f
Knute,f
Koby,f
Koda,f
Kodey,m
Kody,m
Kohen,f
Kolby,f
Kole,f
Kolleen,m
Kolton,f
Konnor,m
Korbin,f
Korey,f
Kori,f
Korrine,f
Kortney,f
Kory,f
Kourtney,f
Kris,m
Krista,f
Kristal,m
Kristeen,m
Kristen 2,f
Kristi,f
Kristia,m
Kristie,f
Kristin,f
Kristina,m
Kristine,m
Kristopher,f
Kristy,f
Krystal,f
Krystelle,f
Krysten,f
Krystina,f
Krystine,m
Krystle,f
Kurt,f
Kurtis,f
Kyla,f
Kylan,f
Kyle,f
Kylee,m
Kyleigh,f
Kyler,m
Kylie,m
Kym,f
Kynaston,f
Kyra,m
Kyrie 2,m
Kyro,f
Kyrsten,m
Kyson,m
Lacey,m
Lachlan,f
Laci 2,f
Lacie,f
Lacy,f
Laila 1,f
Lainey,f
Laird,f
Lake,f
Lalia,f
Lallie,f
Lally,f
Lamar,f
Lambert,f
Lamont,f
Lana,f
Lance,f
Landen,f
Landon,f
Landyn,f
Lane,f
Laney,f
Lanford,f
Langdon,f
Langston,f
Lanny,f
Lara 1,f
Laraine,f
Larissa,f
Lark,f
Larrie,f
Larry,m
Laryn,f
Laura,f
Lauraine,m
Laureen,f
Laurel,f
Laurelle,f
Lauren,f
Laurena,f
Laurence 1,m
Laurencia,f
Laurene,f
Lauressa,f
Laurie,f
Laurinda,f
Laurissa,f
Lauryn,m
Lavena,f
Lavender,f
Lavern,f
Laverne,f
Lavina,f
Lavone,f
Lavonne,m
Lawrence,m
Lawrie,m
Lawson,m
Layla,f
Layne,f
Layton,m
Laz,m
Leah,m
Leann,f
Leanna,f
Leanne,f
Leanora,m
Leatrice,f
Lecia,f
Lee,f
Leeann,f
Leesa,m
Lefty,m
Legacy,f
Legend,m
Leigh,m
Leighton,f
Leila,f
Leilah,f
Leith,m
Lela 2,f
Leland,m
Lemoine,f
Len,m
Lena,f
Lenard,f
Lennie,m
Lennon,f
Lennox,f
Lenny,f
Lenora,m
Lenore,f
Lenox,f
Leo,m
Leola,m
Leon,m
Leona,m
Leonard,f
Leone 2,m
Leontyne,f
Leopold,f
Leroi,m
Leroy,m
Les,m
Lesia,m
Lesleigh,f
Lesley,f
Leslie,m
Lesly,m
Lessie,m
Lester,m
Leta,m
Letha,f
Letitia,m
Lettice,m
Lettie,f
Letty,m
Levi,m
Lew 1,f
Lewin,f
Lewis,f
Lex,m
Lexa,f
Lexi,f
Lexia,m
Lexie,f
Lexine,m
Lexus,f
Lexy,m
Leyla,m
Leyton,m
Liam,m
Liana,f
Lianne,f
Libbie,m
Libby,f
Liberty,f
Liddy,f
Lila 2,m
Lilac,f
Lilah,m
Lilian,f
Liliana,m
Lilianna,m
Lilibet,f
Lilibeth,f
Lillia,f
Lillian,f
Lilliana,f
Lillie,f
Lilly,m
Lily,m
Lilyrose,f
Lina 2,f
Lincoln,f
Linda,f
Linden,f
Lindon,f
Lindsay,f
Lindsey,f
Lindsie,f
Lindy,m
Linette,m
Linford,m
Link,f
Linnaea,f
Linnet,f
Linnette,f
Linnie,m
Linsay,m
Linsey,f
Linton,m
Linwood,f
Linzi,m
Lionel,f
Lisa,f
Lise,m
Lisette,f
Lisha,f
Lissa,f
Lita,f
Liv 2,m
Livia 2,m
Livvy,m
Livy 2,m
Liz,m
Liza,m
Lizbeth,m
Lizette,m
Lizzie,m
Lizzy,m
Lloyd,f
Lockie,m
Logan,m
Lois 1,m
Lola,m
Lolicia,f
Lon,f
London,f
Londyn,m
Lonnie,f
Lonny,m
Lora,f
Loraine,f
Lorainne,f
Lorayne,f
Loreen,f
Lorelai,f
Lorelei,f
Lorelle,f
Loren,f
Lorena 2,f
Lorene,f
Loretta,m
Lori,f
Lorie,f
Lorin,f
Lorinda,f
Lorine,f
Lorn,f
Lorna,f
Lorne,m
Lorraine,m
Lorri,f
Lorrie,m
Lorrin,m
Lottie,f
Lotus,f
Lou,m
Louella,f
Louie,f
Louis,m
Louisa,f
Louise,f
Love 2,m
Lovel,f
Lovell,m
Lowell,f
Loyalty,m
Loyd,m
Luana,f
Luann,f
Luanna,f
Luanne,m
Lucas,f
Lucia,f
Lucian,m
Lucile,m
Lucille,f
Lucinda,f
Lucius,f
Lucky,f
Lucy,m
Luella,m
Luke,m
Lula 1,f
Lulu 1,m
Luna,m
Luther,m
Luvenia,m
Luvinia,m
Lyall,f
Lyda,m
Lydia,m
Lyla,m
Lylah,m
Lyle,f
Lyn,f
Lynda,f
Lyndi,f
Lyndon,m
Lyndsay,m
Lyndsea,f
Lyndsey,f
Lynette,f
Lynn,f
Lynna,f
Lynne,f
Lynnette,f
Lynsay,m
Lynsey,f
Lynton,m
Lynwood,f
Lyric,f
Lysette,f
Lyssa 1,f
Mabel,m
Mabella,f
Mabelle,f
Mable,f
Mac,f
Macaulay,f
Macauley,m
Macey,f
Maci,f
Macie,m
Mack 1,f
Mackenzie,f
Macy,f
Madalyn,m
Maddie,m
Maddison,m
Maddox,f
Maddy,m
Madelaine,m
Madeleine,m
Madelina,f
Madeline,f
Madelyn,f
Madelynn,f
Madge,f
Madi,f
Madilyn,f
Madilynn,m
Madison,f
Madisyn,f
Madlyn,f
Madoline,m
Madonna,f
Madyson,m
Mae,m
Maegan,f
Maeghan,m
Magdalen,f
Magdalena,m
Magdalene,f
Maggie,f
Magnolia,m
Mahala,f
Mahalia,f
Maisie,m
Maisy,m
Maitland,m
Major,f
Makayla,m
Makenna,m
Makenzie,f
Malachi,m
Malakai,f
Malandra,m
Malani,f
Malaysia,m
Malcolm,f
Malcom,f
Maleah,m
Malia,m
Malinda,f
Maliyah,m
Mallory,f
Malone,m
Malvina,f
Mamie,f
Mandi,m
Mandy,m
Manley,m
Manny,m
Mansel,f
Maple,f
Maralyn,f
Marcelyn,m
Marci,f
Marcia,m
Marcie,f
Marcus,f
Marcy,m
Maree,f
Margaret,f
Margaretta,f
Marge,f
Margery,f
Margie,f
Margo,m
Margret,m
Maria,m
Mariabella,m
Mariah,m
Marian 1,f
Marianna,f
Marianne,f
Marie,f
Mariel,f
Marigold,f
Marilla,f
Marilou,f
Marilyn,m
Marilynn,m
Marina,f
Marinda,f
Marion 1,f
Marion 2,f
Maris 2,f
Marisa,f
Marissa,f
Marje 1,f
Marjorie,f
Marjory,f
Mark,m
Marla,f
Marlee,f
Marleen,f
Marlena,f
Marlene,f
Marley,f
Marlin,f
Marlon,f
Marlowe,f
Marly,f
Marlyn,f
Marmaduke,f
Marni,m
Marnie,f
Marsha,m
Marshal,f
Marshall,m
Martha,f
Martie,m
Martin,f
Martina,m
Marty,f
Marva,m
Marvel,f
Marvin,f
Marvyn,m
Mary,m
Mary Ann,f
Maryann,f
Mary Anne,f
Maryanne,f
Marybelle,f
Mary Beth,f
Marybeth,m
Mary Jane,m
Mary Jo,f
Mary Lou,m
Marylou,f
Marylu,f
Marylyn,f
Mason,f
Masterman,f
Mat,f
Mathew,f
Mathilda,f
Matilda,f
Matt,f
Matthew,f
Mattie,f
Matty 1,f
Maud,f
Maude,f
Maudie,f
Maura 2,m
Maureen,m
Maurene,m
Maurice,f
Maurie,f
Maurine,f
Maverick,f
Mavis,m
Max,f
Maxene,m
Maxie,f
Maximilian,m
Maximillian,m
Maxine,f
Maxton,f
Maxwell,f
May,f
Maya 2,f
Maybelle,f
Maybelline,f
Mayme,f
Maynard,m
Maynerd,f
Mayson,f
Mckayla,f
McKenna,f
McKenzie,f
McKinley,f
Meade,m
Meadow,f
Meagan,f
Meaghan,f
Meg,m
Megan,f
Meghan,m
Mel,f
Melanie,f
Melantha,f
Melany,m
Melba,f
Melesina,f
Melicent,f
Melina,f
Melinda,m
Melissa,f
Mellony,m
Melody,m
Melva,f
Melville,f
Melvin,f
Melvyn,m
Melyssa,m
Memphis,m
Mercia,f
Mercy,m
Meredith,f
Merideth,f
Meridith,f
Meriel,f
Merilyn,m
Merit 1,f
Meriwether,m
Merla,f
Merle,f
Merletta,f
Merlin,m
Merlyn,m
Merrick,f
Merrill,f
Merrilyn,f
Merrion,m
Merritt,f
Merry 1,f
Merton,f
Merv,m
Mervin,f
Mervyn,f
Meryl,m
Messiah,f
Mia,f
Mica,f
Micah,f
Michael,m
Michaela,f
Michayla,f
Micheal,f
Michele 2,m
Michelle,f
Michelyne,f
Mick,f
Mickey,f
Micky,f
Midge,m
Mikayla,f
Mike,f
Mikey,f
Mikhaila,f
Mikki,f
Milani,m
Milburn,m
Mildred,f
Miles,m
Miley,f
Milford,f
Millard,f
Miller,f
Millicent,f
Millie,f
Milly,m
Milo,m
Milton,m
Mimi,f
Mina 1,f
Mindy,f
Minerva,m
Minnie,f
Minta,m
Minty,f
Mirabelle,f
Miracle,f
Miranda,f
Miriam,m
Missie,f
Missy,f
Misti,f
Misty,f
Mitch,f
Mitchell,f
Mo,f
Modesty,f
Moe 1,f
Moira,f
Mollie,f
Molly,f
Mona 1,m
Monday,f
Monica,f
Monique,f
Monna,f
Monroe,f
Montague,f
Montana,f
Monte,f
Montgomery,f
Monty,f
Mora,f
Moreen,f
Morgan 1,f
Morgana,f
Moriah,f
Morley,f
Morris,f
Mort,m
Mortimer,f
Morton,m
Morty,f
Moses,f
Moss,f
Mozelle,m
Munro,m
Munroe,f
Muriel,f
Murphy,f
Murray,m
Mya,m
Myla,f
Mylah,f
Myles 1,f
Myra,f
Myranda,f
Myrna,m
Myron,f
Myrtie,f
Myrtle,f
Mysie,f
Nadia 1,f
Nadine,m
Nan,m
Nance,m
Nancy,f
Nanette,f
Nannie,f
Nanny,f
Naomi 1,f
Napier,f
Napoleon,m
Narelle,f
Nash,f
Nat,f
Natalee,f
Natalia,f
Natalie,f
Natasha,f
Nate,f
Nathan,f
Nathaniel,f
Natille,m
Navy,f
Neal,f
Ned,f
Neely,f
Neil,f
Nelda,f
Nell,m
Nelle,f
Nellie,f
Nelly,f
Nelson,f
Nena,f
Ness 2,f
Nessa 1,f
Netta 1,f
Nettie,f
Neva,m
Nevada,f
Nevaeh,f
Nevil,f
Neville,f
Newt,f
Newton,f
Nia 3,m
Nic,f
Nichola,f
Nicholas,f
Nichole,f
Nick,f
Nicki,f
Nickolas,m
Nicky,m
Nicola 2,m
Nicole,f
Nigel,m
Nigella,f
Nigellus,f
Nik,m
Niki 2,m
Nikki,f
Nikkole,f
Nikolas,f
Nikole,m
Niles,m
Nina 1,f
Nita 1,m
Nixon,f
Noah 1,m
Noble,f
Noel,m
Noelene,f
Noelle,f
Nola,m
Nolan,m
Nona 2,f
Nonie,f
Nora 1,f
Norah 1,f
Norbert,f
Noreen,f
Norene,f
Norm,f
Norma,f
Norman,f
Normina,f
Norris,f
Norton,f
Norwood,f
Nova,m
Novalee,m
Nowell,m
Nyah,m
Nydia,f
Nyla,f
Nylah,m
Nyree,m
Oaklee,f
Oakleigh,m
Oakley,m
Oaklyn,f
Oaklynn,f
Ocean,f
Octavia,f
October,f
Odelia 1,f
Odell,m
Odetta,m
Odin,f
Ogden,f
Oli,m
Olive,f
Oliver,m
Olivia,f
Ollie,m
Olly,f
Olyvia,m
Omar 1,m
Oneida,f
Onyx,m
Opal,m
Opaline,f
Ophelia,f
Ora 1,f
Oral,f
Oralee,f
Oralie,m
Orinda,m
Ormond,m
Ormonde,f
Orpha,f
Orrell,f
Orson,m
Orval,f
Orville,m
Osbert,m
Osborn,f
Osborne,f
Osbourne,f
Oscar,f
Osmond,f
Ossie,f
Oswald,f
Oswin,m
Otis,f
Otto,f
Ottoline,f
Owen 1,f
Oz 1,f
Ozzie,f
Ozzy,f
Pace,f
Pacey,f
Paden,f
Page,f
Paget,f
Paige,f
Paislee,m
Paisley,m
Paityn,m
Palmer,f
Pam,m
Pamela,f
Pamelia,f
Pamella,m
Pamila,f
Pancras,f
Pansy,f
Parker,f
Parnel,f
Parris,m
Parry,m
Pat,f
Patience,f
Patrice 2,m
Patricia,f
Patrick,m
Patsy,m
Patti,f
Pattie,m
Patton,m
Patty,f
Paul,f
Paula,m
Pauleen,f
Paulene,f
Pauletta,m
Paulette,m
Paulie,m
Paulina,m
Pauline,f
Paxton,m
Payton,f
Peace,f
Pearce,m
Pearl,m
Pearle,f
Pearlie,f
Peers,m
Peg,f
Peggie,f
Peggy,f
Pen,m
Pene,m
Penelope,f
Penny,m
Peony,f
Pepper,f
Perce,m
Percival,m
Percy,f
Peregrine,f
Perlie,f
Permelia,m
Pernel,f
Peronel,m
Perry,f
Peta,m
Petal,m
Pete,m
Peter,f
Petra,f
Petrina,f
Petronel,f
Petula,m
Petunia,m
Peyton,f
Phebe,f
Phemie,f
Pheobe,f
Phil,f
Philadelphia,f
Philander,f
Philip,f
Philipa,f
Philippa,f
Philis,f
Phillida,f
Phillip,f
Phillipa,f
Phillis,f
Philomena,m
Phoebe,m
Phoenix,f
Phyliss,m
Phyllida,f
Phyllis,m
Pierce,f
Piers,f
Piety,f
Pip,f
Piper,m
Pippa,f
Placid,f
Pleasance,f
Pollie,f
Polly,m
Poppy,f
Porsche,m
Porter,f
Portia,m
Posie,m
Posy,m
Praise,m
Precious,f
Presley,f
Preston,m
Price,f
Primrose,f
Primula,f
Prince,m
Princess,m
Princeton,m
Pris,m
Priscilla,m
Prissy,m
Promise,m
Prosper,m
Pru,f
Prudence,m
Prue,m
Prunella,f
Purdie,m
Queen,f
Queenie,m
Quentin,f
Quin,f
Quincey,f
Quincy,m
Quinlan,f
Quinn,f
Quintella,f
Quinten,m
Quintin,f
Quinton,f
Rachael,f
Racheal,f
Rachel,f
Rachelle,f
Rachyl,f
Racquel,f
Radcliff,f
Radclyffe,f
Rae,f
Raeburn,f
Raegan,m
Raelene,m
Raelyn,f
Raelynn,m
Raewyn,m
Rafe,f
Rafferty,f
Rain 1,f
Rainbow,f
Raine,f
Raleigh,m
Ralf,m
Ralph,m
Ralphie,f
Ramona,f
Ramsey,m
Randal,m
Randall,m
Randell,m
Randi 1,f
Randolf,m
Randolph,f
Randy,f
Ranulph,f
Raphael,f
Raquel,f
Raschelle,m
Rastus,f
Raven,f
Ravenna,f
Ray,f
Raylene,f
Raymond,f
Raymund,f
Raynard,m
Rayner,f
Read,m
Reagan,m
Reanna,m
Reannon,m
Rearden,f
Reba,m
Rebecca,f
Rebeccah,m
Rebeccanne,f
Rebeckah,m
Rebekah,f
Red,m
Redd,m
Reece,f
Reed,f
Reene,f
Reenie,m
Reese,f
Reg,m
Regan,m
Regana,f
Regena,f
Reggie,f
Regina,m
Reginald,f
Reid,m
Reign,f
Reilly,f
Remington,m
Remy,m
Rena,m
Renae,m
Rene,f
Renee,f
Renie,f
Renita,f
Retha,m
Reuben,f
Reverie,f
Rex,f
Rexana,f
Rexanne,m
Reynard,f
Reynold,f
Rheanna,m
Rhett,f
Rhetta,m
Rhianna,f
Rhiannon,m
Rhoda,m
Rhonda,m
Rhys,f
Rian,f
Riannon,m
Rica,f
Rich,f
Richard,f
Richardine,f
Richelle,f
Richie,f
Richmal,f
Rick,m
Rickey,f
Ricki,f
Rickie,f
Ricky,m
Ridge,f
Ridley,f
Rigby,f
Rikki,f
Riley,m
Rilla,f
Riordan,f
Ripley,m
Rita,m
Ritchie,m
River,f
Rob,m
Robbie,f
Robby,m
Robena,f
Robert,m
Roberta,f
Robin,m
Robina,f
Robyn,m
Robynne,f
Rochelle,f
Rocky,f
Rod,f
Roddy,f
Roderick,m
Rodge,m
Rodger,f
Rodney,f
Rodolph,f
Roger,m
Roland,m
Rolf,f
Rolland,m
Rollie,m
Rollo,m
Rolo,m
Rolph,m
Roly,m
Romaine,m
Roman,m
Romayne,m
Romey,m
Romilly,m
Romy,m
Ron 1,m
Rona 1,m
Ronald,m
Ronan,f
Ronda,m
Roni 2,m
Ronin,m
Ronnette,m
Ronnie,m
Ronny,m
Roosevelt,f
Rorie,m
Rory,m
Ros,f
Rosa 1,f
Rosabel,m
Rosabella,f
Rosalee,f
Rosaleen,f
Rosalie,f
Rosalin,m
Rosalind,f
Rosaline,f
Rosalyn,f
Rosalynne,f
Rosamond,f
Rosamund,f
Rosanna,m
Rosannah,f
Rosanne,m
Roscoe,f
Rose,f
Roseann,m
Roseanne,f
Roselyn,m
Rosemarie,m
Rosemary,f
Rosie,f
Roslyn,f
Ross,f
Roswell,m
Rosy,f
Rowan,m
Rowanne,f
Rowen,f
Rowena,m
Rowina,f
Rowland,m
Rowley,f
Roxana,f
Roxane,f
Roxanna,f
Roxanne,f
Roxie,m
Roxy,f
Roy,f
Royal,m
Royale,f
Royalty,m
Royce,f
Roydon,m
Royle,f
Royston,f
Roz,f
Rozanne,m
Rube,f
Ruby,f
Rubye,f
Rudolph,f
Rudy,f
Rudyard,f
Rue,f
Rufus,f
Rupert,f
Russ,m
Russel,m
Russell,m
Rusty,m
Ruth 1,m
Ruthie,f
Ry,f
Ryan,f
Ryana,f
Ryann,m
Ryanne,f
Ryder,f
Ryker,m
Rylan,m
Ryland,f
Rylee,f
Ryleigh,f
Ryley,f
Rylie,f
Sabella,f
Sable,m
Sabrina,f
Sabryna,f
Sacheverell,f
Sadie,m
Saffron,f
Sage,m
Saige,m
Saint,f
Sal,f
Salem 2,f
Salena,f
Salina,m
Sallie,f
Sally,f
Salome,f
Sam 1,f
Samantha,m
Samara,f
Sammi,f
Sammie,f
Sammy,f
Sampson 2,m
Samson,m
Samuel,f
Sandford,m
Sandie,f
Sandra,f
Sandy,f
Sanford,m
Santana,f
Sapphire,f
Sara,f
Sarah,f
Saranna,f
Sarina,m
Sasha,f
Satchel,f
Saundra,f
Savanna,f
Savannah,m
Sawyer,f
Saxon,f
Saylor,m
Scarlet,m
Scarlett,m
Scarlette,f
Schuyler,f
Scot,m
Scott,f
Scottie,m
Scotty,f
Scout,f
Sean,f
Seanna,f
Sebastian,m
Sefton,m
Sela,f
Selby,f
Selina,m
Selma 1,f
Selwyn,f
September,m
Sequoia,f
Sera,f
Seraphina,f
Serena,m
Serenity,m
Serina,f
Serrena,m
Seth 1,m
Seven,m
Sevyn,f
Seward,m
Seymour,f
Shad 2,f
Shae,m
Shaelyn,m
Shana 1,m
Shanae,f
Shane,f
Shanelle,f
Shanene,f
Shania,f
Shanna,f
Shannah,m
Shannen,m
Shannon,f
Shanon,m
Shantae,f
Shantel,f
Shantelle,f
Sharalyn,f
Shari,f
Sharise,m
Sharla,m
Sharleen,f
Sharlene,m
Sharmaine,f
Sharon,f
Sharona,m
Sharron,m
Sharyl,f
Sharyn,m
Shaun,m
Shauna,m
Shavon,f
Shavonne,m
Shaw,m
Shawn,m
Shawna,m
Shawnda,f
Shawnee,m
Shaye,m
Shayla,m
Shaylyn,f
Shayne,m
Sheard,m
Sheelagh,f
Sheena,f
Sheila,m
Shel,f
Shelagh,m
Shelby,f
Sheldon,m
Shelia,f
Shell,m
Shelley,m
Shelly,m
Shelton,m
Shena,m
Shepherd,f
Sheree,m
Sheri,f
Sheridan,f
Sherie,m
Sherill,f
Sherilyn,f
Sherisse,f
Sherley,f
Sherlyn,f
Sherman,f
Sherri,m
Sherrie,m
Sherry,m
Sherwood,m
Sheryl,f
Sheryll,f
Shevaun,m
Shevon,f
Shirlee,m
Shirley,f
Shon,m
Shonda,f
Shyla,f
Sibyl,m
Sid,f
Sidney,m
Sidony,m
Siena,f
Sienna,m
Sierra,m
Sigmund,f
Sigourney,m
Silas,f
Silver,m
Silvester,f
Silvia,f
Simon 1,f
Simone 1,m
Simonette,f
Sincere,f
Sinclair,f
Sindy,f
Sinjin,f
Sissie,m
Sissy,f
Sky,m
Skye,f
Skyla,f
Skylar,m
Skyler,m
Skylynn,f
Slade,m
Sloan,f
Sloane,f
Sly,f
Smith,f
Snow,f
Solomon,m
Sommer,m
Sondra,f
Sonia,f
Sonnie,m
Sonny,m
Sonya,f
Sookie,f
Sophia,m
Sophie,f
Sophy,m
Soren,m
Sorrel,m
Sparrow,f
Spencer,m
Spike,m
Spirit,m
Spring,m
Stace,f
Stacee,m
Stacey,f
Staci,m
Stacia,f
Stacie,f
Stacy,m
Stafford,f
Stan 1,m
Stanford,f
Stanley,m
Star,m
Starla,f
Starr,m
Ste,m
Stefani,f
Stella 1,m
Steph,f
Stephani,m
Stephania,f
Stephanie,m
Stephany,f
Stephen,f
Sterling,f
Stetson,f
Steve,f
Steven,m
Stevie,m
Stew,m
Stewart,m
Stirling,m
St John,m
Stone,m
Storm,m
Stormi,m
Stormy,m
Stu,m
Stuart,m
Sue,m
Suellen,m
Suki,m
Sukie,m
Sullivan,m
Sully,f
Summer,m
Sunday,f
Sunny,f
Sunshine,m
Susan,f
Susanna,f
Susanne,m
Susie,f
Sutton,m
Suz,m
Suzan 1,f
Suzanna,f
Suzanne,m
Suzi,f
Suzie,m
Suzy,f
Sybella,m
Sybil,m
Syd,f
Sydne,m
Sydnee,m
Sydney,f
Sydnie,f
Sylas,f
Sylvan,f
Sylvanus,f
Sylvester,f
Sylvia,f
Symphony,f
Tabatha,f
Tabby,f
Tabitha,f
Tacey,f
Tad,f
Taegan,f
Tahlia,f
Tahnee,f
Talbot,f
Talia 2,f
Tallulah,m
Talon,f
Tamara,f
Tameka,f
Tamela,f
Tamera,f
Tami,f
Tamika,f
Tammara,f
Tammi,m
Tammie,m
Tammy,f
Tamra,m
Tamsen,f
Tamsin,f
Tamsyn,m
Tamzen,f
Tania,f
Tanner,m
Tansy,m
Tanya,f
Tanzi,f
Tara 1,f
Tarah,f
Tarina,f
Taryn,f
Tasha,m
Tate,m
Tatiana,f
Tatianna,f
Tatton,m
Tatum,f
Tatyanna,m
Tawnee,m
Tawnie,m
Tawny,m
Tawnya,f
Tayla,f
Tayler,m
Taylor,f
Teagan,f
Teal,m
Teale,m
Ted,m
Teddie,f
Teddy,m
Tegan,m
Tel,m
Temperance,m
Tempest,m
Temple,m
Tenley,f
Tennyson,f
Tera,m
Terance,m
Terell,f
Terence,f
Teresa,f
Teri,m
Terra,m
Terrance,m
Terrell,m
Terrence,f
Terri,m
Terrie,f
Terry 1,m
Terry 2,f
Tess,f
Tessa,m
Tessie,f
Tetty,f
Tevin,f
Tex,f
Thad,m
Thaddeus,f
Thane,f
Thankful,f
Thatcher,m
Thea,f
Thelma,m
Theo,f
Theobald,m
Theodora,f
Theodore,m
Theresa,f
Therese,f
Thom,f
Thomas,f
Thomasina,f
Thorburn,m
Thorley,f
Thornton,f
Thurstan,f
Tia,f
Tiana,f
Tianna,m
Tiara,m
Tibby,f
Tiffani,m
Tiffany,m
Tiffiny,m
Tiger,m
Tigerlily,f
Tilda,f
Tillie,m
Tilly,f
Tim,m
Timmy,f
Timotha,m
Timothy,f
Tina,f
Tisha,f
Titty,f
Titus,f
Tobias,m
Tobin,f
Toby,m
Tod,f
Todd,f
Tolly,f
Tom 1,m
Tommie,f
Tommy,m
Toni 2,f
Tonia,f
Tony,f
Tonya,f
Topaz,m
Topher,f
Topsy,m
Tori,m
Toria,m
Torin,f
Tory,m
Tottie,f
Totty,m
Trace,m
Tracee,f
Tracey,m
Traci,m
Tracie,f
Tracy,m
Trafford,f
Tranter,f
Travers,f
Travis,m
Treasure,f
Trecia,f
Trent,m
Trenton,f
Tresha,f
Tressa,f
Trev,f
Trevelyan,f
Trevor,f
Trey,m
Tria,m
Tricia,f
Trina,f
Trinity,m
Tripp,m
Trish,m
Trisha,m
Trista,f
Tristan,m
Tristen,f
Tristin,f
Triston,f
Tristram,m
Trix,f
Trixie,f
Troy,f
Trudi,f
Trudie,f
Trudy,f
Trueman,f
Truman,m
Tucker,f
Tuesday,m
Turner,f
Twila,f
Twyla,f
Ty,f
Tye,f
Tyla,f
Tylar,f
Tyler,f
Tylor,f
Tyra,f
Tyrell,f
Tyron,f
Tyrone,f
Tyrrell,f
Tyson,f
Ulric,m
Ulyssa,f
Ulysses,f
Una,f
Unice,m
Unique,m
Unity,f
Upton,f
Ursella,f
Ursula,f
Val,f
Valarie,m
Valary,f
Vale,f
Valentine 1,m
Valerie,m
Valorie,f
Van,f
Vance,f
Vanessa,m
Vaughan,f
Vaughn,m
Velda,f
Velma,m
Velvet,f
Venetia,f
Vera 1,f
Vere,m
Vergil,f
Verity,m
Vern,m
Verna,f
Vernon,m
Veronica,f
Vi,f
Vianne,m
Vic,f
Vicki,f
Vickie,f
Vicky,f
Victor,f
Victoria,f
Vienna,f
Vikki,m
Vin,f
Vinal,f
Vince,f
Vincent,m
Vinnie,f
Vinny,f
Viola,f
Violet,f
Viona,f
Virgee,f
Virgie,m
Virgil,m
Virginia,f
Vivian,f
Viviette,f
Vivyan,m
Vonda,m
Vyvyan,f
Wade,f
Waldo 1,f
Walker,f
Wallace,f
Wallis,m
Wally,f
Walt,m
Walter,m
Walton,f
Wanda,m
Ward 1,f
Wardell,m
Warner,f
Warren,f
Warrick,m
Warwick,m
Washington,f
Wat,f
Watson,m
Waverly,f
Wayland,f
Waylon,f
Wayne,m
Webster,f
Weldon,f
Wells,f
Wenda,m
Wendell,m
Wendi,f
Wendy,f
Wenona,m
Wes,f
Wesley,m
Westley,f
Weston,m
Whitaker,m
Whitney,f
Wil,m
Wilbur,f
Wilburn,f
Wilda,f
Wilder,m
Wiley,m
Wilf,f
Wilford,f
Wilfred,f
Wilfreda,f
Wilfrid,f
Wilhelmina,m
Wilkie,f
Will,m
Willa,f
Willard,m
William,m
Willie,f
Willis,f
Willoughby,m
Willow,f
Willy,f
Wilma,f
Wilmer,m
Wilson,f
Wilt,f
Wilton,f
Windsor,f
Winfield,m
Winfred,m
Winifred,m
Winnie,m
Winnifred,m
Winona,f
Winslow,f
Winston,f
Winter,m
Winthrop,f
Winton,f
Wisdom,f
Wisteria,m
Wolf,f
Wolfe,f
Woodie,f
Woodrow,f
Woody,m
Wren,m
Wrenlee,m
Wrenley,m
Wright,m
Wyatt,m
Wynne 2,f
Wynona,m
Wynonna,m
Wynter,m
Wystan,m
Xander,m
Xanthia,m
Xavia,f
Xavier,f
Xaviera,f
Xavior,m
Xzavier,m
Yale,f
Yancy,f
Yasmin,f
Yasmine,f
Yazmin,m
Yolanda,m
Yolonda,f
Yorick,m
York,f
Yvette,f
Yvonne,m
Zac,f
Zach,f
Zachariah,f
Zachary,f
Zachery,f
Zack,f
Zackary,m
Zackery,f
Zaiden,f
Zak,f
Zander,f
Zandra,f
Zane 1,f
Zanna,f
Zara 1,f
Zaria,f
Zariah,m
Zavanna,f
Zavia,f
Zavier,f
Zayden,f
Zayne,m
Zeb,f
Zechariah,m
Zed,m
Zeke,m
Zelda 2,m
Zella,f
Zelma,f
Zena,f
Zenia,f
Zeph,f
Zinnia,f
Zoe,m
Zoë,f
Zoey,f
Zoie,f
Zola 1,m
Zowie,f
Zula 2,f
Aaron,m
Abel,f
Abigaëlle,f
Abraham,f
Achille,f
Adam,f
Adélaïde,f
Adélard,f
Adèle,f
Adélie,f
Adeline,f
Adolphe,f
Adrien,f
Adrienne,f
Agathe,f
Aglaé,f
Agnès,f
Aimé,m
Aimée,f
Alain,f
Alan,f
Alban,f
Albane,f
Albert,f
Alberte 2,f
Albertine,f
Albin,m
Albine,f
Alcide,f
Aldéric,m
Aldric,f
Alex,m
Alexandra,f
Alexandre,f
Alexandrie,f
Alexandrine,f
Alexia,f
Alexis,f
Alfred,f
Alice,m
Alicia,m
Aliénor,f
Aline,f
Alison,f
Alix,f
Alizée,m
Alphonse,m
Alphonsine,f
Amable,m
Amand,f
Amandine,m
Amarante,f
Amaury,f
Ambre,m
Ambroise,f
Amédée,f
Amélia,m
Amélie,f
Amour,m
Anaclet,m
Anaëlle,m
Anaïs,f
Anastasie,f
Anatole,f
André,m
Andréa,m
Andrée,m
Ange,f
Angèle,f
Angeline,m
Angélique,f
Annabelle,m
Anne 1,f
Anne-Laure,f
Anne-Marie,f
Anne-Sophie,f
Annette,f
Annick,m
Annie,m
Anny,m
Anouk,m
Anselme,m
Anthelme,f
Antoine,m
Antoinette,f
Antonin,f
Apollinaire,m
Apolline,m
Ariane,f
Arianne,m
Ariel,f
Arielle,f
Aristide,m
Arlette,m
Armand,f
Armel,m
Armelle,m
Arnaud,m
Arnaude,m
Arsène,f
Arthur,f
Astrid,f
Astride,f
Athanase,f
Athénaïs,m
Aubert,f
Aubin,f
Aude,f
Audrey,m
Auguste 1,f
Augustin,f
Augustine 2,f
Aurèle,f
Aurélia,m
Aurélie,m
Aurélien,f
Aurore,m
Avril,f
Axel,f
Axelle,f
Aymeric,m
Azélie,m
Babette,m
Babylas,m
Baptiste,f
Barbara,m
Barbe,m
Barnabé,m
Barthélémy,m
Basile,m
Bastien,f
Baudouin,m
Béatrice,f
Bénédicte,f
Benjamin,m
Benjamine,f
Benoît,f
Benoîte,m
Bérenger,f
Bérengère,f
Bérénice,f
Bernadette,m
Bernard,m
Bernardine,f
Berthe,f
Bertille,f
Bertrand,m
Blaise,f
Blanche,f
Blandine,m
Bonaventure,f
Boniface,f
Boris,f
Brice,m
Brigitte,m
Bruno,m
Calixte,m
Camélia,m
Camille,f
Candide,f
Capucine,m
Carine,m
Carmen,f
Carole,f
Caroline,m
Casimir,m
Cassandra,m
Cassandre,m
Catherine,f
Cécile,f
Cécilia,f
Cédric,f
Céleste,m
Célestin,f
Célestine,f
Célia,f
Céline,m
Cerise,m
Césaire,f
César,m
Chantal,f
Charlène,m
Charles,m
Charline,f
Charlot,f
Charlotte,m
Charly,f
Chloé,f
Chrétien,f
Christel,m
Christèle,m
Christelle,m
Christian,f
Christiane,m
Christianne,f
Christine,f
Christophe,m
Chrystelle,m
Clair,f
Claire,m
Clara,m
Clarisse,m
Claude,f
Claudette,m
Claudie,m
Claudine,m
Cléa,m
Clémence,m
Clément,m
Clémentine,f
Cléo,m
Cloé,f
Clotaire,f
Clothilde,f
Clotilde,f
Clovis,m
Colette,f
Coline,f
Colombe,m
Côme,f
Constance,f
Constant,f
Constantin,f
Coralie,m
Coraline,f
Corentin,f
Corin,m
Corine,m
Corinne,f
Corneille,m
Cornélie,m
Cosette,f
Cunégonde,f
Cynthia,f
Cyprien,f
Cyriaque,f
Cyrielle,m
Cyril,m
Cyrille,f
Dalila,m
Damien,f
Dan 2,m
Daniel,f
Danièle,f
Danielle,f
Dany,m
Daphné,f
Daphnée,f
David,f
Débora,f
Déborah,m
Délia,f
Delphine,f
Denis,f
Denise,m
Déodat,m
Désiré,m
Désirée,m
Diane,m
Didier,f
Dieudonné,m
Dieudonnée,f
Dimitri,f
Diodore,f
Dominique,f
Domitille,f
Donat,m
Donatien,f
Donatienne,m
Dorian,f
Doriane,f
Dorothée,f
Eddy,f
Edgar,m
Edgard,m
Édith,m
Edmé,m
Edmée,m
Edmond,m
Edmonde,f
Édouard,m
Edwige,m
Églantine,m
Eléonore,m
Éliane,f
Élie,m
Élisabeth,m
Élise,m
Élodie,m
Éloi,m
Éloïse,m
Elouan,m
Elvire,m
Émeline,m
Émeric,f
Émile,m
Émilie,m
Émilien,m
Émilienne,m
Emma,m
Emmanuel,m
Emmanuelle,m
Emmy,f
Emy,m
Enora,f
Éric,f
Ernest,f
Ernestine,m
Estelle,m
Esther,m
Ethan,m
Étienne,m
Étiennette,f
Eugène,m
Eugénie,m
Eulalie,f
Euphrasie,m
Eustache,m
Évariste,f
Ève,m
Eveline,m
Évelyne,m
Évrard,m
Fabien,m
Fabienne,f
Fabrice,m
Fanny,f
Faron,m
Faustin,m
Faustine,f
Félicie,m
Félicien,m
Félicienne,m
Félicité,f
Félix,m
Ferdinand,m
Fernand,f
Fernande,m
Fiacre,f
Fifi,f
Firmin,m
Flavie,m
Flavien,m
Flavienne,m
Fleur,m
Fleurette,f
Flora,m
Flore,m
Florence,f
Florent,f
Florentin,f
Florentine,f
Florette,m
Florian,m
Floriane,f
Florianne,m
Florimond,m
Florine,f
Fortune,m
France 1,f
Francette,m
Francine,m
Francis,m
Francisque,m
Franck,m
François,f
Françoise,f
François-Marie,f
Frank,m
Fred,m
Freddy,m
Frédéric,f
Frédérique,f
Fulbert,f
Gabin,m
Gabriel,m
Gabrielle,f
Gaby,f
Gaël,m
Gaëlle,f
Gaétan,m
Gaëtan,m
Gaétane,m
Gaëtane,m
Garance,f
Gaspard,f
Gaston,f
Gaubert,f
Gaultier,f
Gauthier,f
Gautier,m
Gauvain,m
Geneviève,f
Geoffrey,f
Geoffroy,m
Georges,m
Georgette,m
Georgine,m
Gérald,m
Géraldine,m
Gérard,m
Géraud,m
Germain,m
Germaine,m
Gertrude,m
Gervais,f
Gervaise,m
Ghislain,f
Ghislaine,f
Ghyslain,f
Ghyslaine,f
Gigi 1,f
Gilbert,f
Gilberte,m
Gilles,m
Gillette,m
Ginette,m
Gisèle,m
Giselle,m
Gladys,m
Godefroy,f
Gontran,f
Gratien,f
Grégoire,f
Grégory,f
Guenièvre,m
Guillaume,f
Gustave,f
Guy 1,f
Gwenaël,f
Gwenaëlle,f
Gwendoline,f
Hadrien,f
Haydée,f
Hector,m
Hélène,m
Hélier,f
Héloïse,m
Henri,m
Henriette,m
Herbert,f
Hercule,m
Hermine,f
Hervé,f
Hilaire,f
Hildegarde,m
Hippolyte 2,m
Honoré,f
Honorine,f
Horace,f
Hortense,f
Hubert,m
Hugo,f
Hugues,m
Huguette,m
Humbert,m
Hyacinthe,f
Ida,m
Ignace,f
Inès,f
Irène,m
Irénée,f
Iris,m
Isaac,m
Isabeau,m
Isabel,m
Isabelle,f
Isaure,f
Isidore,m
Ismaël,f
Jacinthe,f
Jacky,f
Jacqueline,m
Jacques,f
Jacquette,m
Jade,f
Janine,f
Janvier,f
Jasmine,f
Jason,f
Jean 1,f
Jean-Baptiste,m
Jean-Charles,f
Jean-Christophe,m
Jean-Claude,f
Jeanette,m
Jean-François,f
Jeanine,m
Jean-Jacques,f
Jean-Louis,f
Jean-Luc,m
Jean-Marc,f
Jean-Marie,m
Jean-Michel,m
Jeanne,f
Jeannette,f
Jeannine,m
Jeannot,f
Jean-Paul,m
Jean-Philippe,f
Jean-Pierre,f
Jérémie,f
Jérémy,m
Jérôme,m
Jessé,m
Jessica,f
Jessy,f
Joachim,m
Joanne,f
Jocelin,f
Joceline,f
Jocelyn,f
Jocelyne,f
Joël,f
Joëlle,f
Joffrey,f
Johanne,f
Jonathan,f
Jordan,f
Jordane,f
José,f
Josée,f
Joseph,m
Josèphe,m
Joséphine,m
Josette,f
Josiane,m
Josse,m
Josselin,f
Josseline,f
Josué,f
Jourdain,m
Judicaël,f
Judith,f
Jules 1,m
Juliane,f
Julie,m
Julien,m
Julienne,f
Juliette,m
Juste,f
Justin,m
Justine,m
Karine 1,f
Katia,f
Kenzo,m
Kévin,f
Kevin,m
Kilian,m
Killian,f
Kylian,f
Kyllian,m
Laëtitia,m
Lætitia,f
Laetitia,m
Lambert,f
Landry,f
Lara 1,m
Laura,f
Laure,f
Laurence 2,m
Laurent,f
Laurentin,m
Laurentine,f
Laurette,f
Laurine,m
Lazare,m
Léa,f
Léana,f
Léandre,m
Léane,m
Leila,m
Léna,m
Léo 1,m
Léon,f
Léonard,f
Léonce,m
Léone,f
Léonel,m
Léonide,f
Léonie,m
Léonne,f
Léontine,f
Léopold,f
Léopoldine,m
Liam,f
Lili,f
Lilian,f
Liliane,m
Lilianne,m
Lilou,f
Lina 2,f
Linda,m
Line,m
Lionel,m
Lise,m
Lisette,f
Livie,m
Loan 1,m
Loane,f
Loann,f
Lohan,m
Loïc,m
Lola,f
Longin,f
Lorette,f
Lothaire,f
Lou,f
Louane,f
Louis,m
Louise,f
Louisette,f
Louka,f
Louna,f
Loup,f
Luc,m
Lucas,f
Luce,m
Lucette,m
Lucie,f
Lucien,f
Lucienne,f
Lucile,f
Lucille,m
Lucinde,m
Lucrèce,f
Ludivine,f
Ludovic,m
Lya,f
Lyam,m
Lyana,f
Lydie,m
Lylou,f
Lyna,m
Madeleine,f
Madelon,f
Maël,f
Maëlie,m
Maëlle,f
Maëlys,f
Maeva,f
Magali,m
Magalie,f
Magdeleine,m
Maïa,f
Mailys,f
Maïwenn,f
Malvina,m
Manon,f
Manu 2,f
Manuel,f
Marc,f
Marceau,f
Marcel,f
Marcelin,m
Marceline,f
Marcelle,f
Marcellette,f
Marcellin,m
Marcelline,f
Mardochée,f
Margaux,m
Margot,f
Marguerite,f
Marianne,f
Marie,m
Marie-Ange,f
Marie-Christine,m
Marie-Claire,m
Marie-Claude,f
Marie-Ève,f
Marie-France,m
Marie-Françoise,m
Marie-Hélène,f
Marie-José,f
Marie-Laure,m
Marielle,f
Marie-Louise,f
Marie-Madeleine,f
Marie-Noëlle,f
Marie-Pierre,m
Marie-Rose,m
Marie-Thérèse,f
Mariette,m
Marilène,m
Marilou,f
Marin,f
Marine,m
Marinette,m
Marion 1,m
Marise,f
Marius,f
Marjolaine,m
Marlène,f
Marthe,f
Martial,f
Martîn,m
Martin,f
Martine,f
Marylène,f
Maryse,f
Maryvonne,m
Matéo,f
Mathéo,m
Mathias,m
Mathieu,f
Mathilde,f
Mathis,m
Mathys,m
Matis,f
Mattéo,m
Matthias,m
Matthieu,f
Maud,m
Maude,f
Maurice,m
Mauricette,m
Maxence,f
Maxime,m
Maximilien,f
Maximilienne,f
Maximin,m
Maylis,m
Mégane,m
Mélanie,f
Melchior,m
Mélina,f
Méline,m
Mélisande,f
Mélissa,m
Mélodie,f
Mélody,f
Michaël,f
Michel,f
Michèle,m
Micheline,f
Michelle,f
Mickaël,f
Mirabelle,m
Mireille,f
Modeste,m
Modestine,f
Moïse,f
Monique,m
Morgan 1,m
Morgane,f
Muriel,m
Murielle,f
Mylène,f
Myriam,m
Nadège,f
Nadia 1,f
Nadine,f
Naël,f
Naomie,m
Napoléon,m
Narcisse,f
Natacha,f
Nathalie,f
Nathan,m
Nathanaël,m
Nazaire,f
Nelly,m
Nestor,f
Nicéphore,f
Nicodème,f
Nicolas,m
Nicole,m
Nicolette,f
Nina 1,f
Ninette,f
Ninon,m
Noa 2,m
Noam,f
Noé,m
Noël,f
Noèle,m
Noëlla,m
Noëlle,f
Noémi,f
Noémie,m
Noham,f
Nolan,f
Norbert,m
Normand,m
Océane,m
Octave,f
Odette,m
Odile,f
Odilon,m
Olive,f
Olivia,m
Olivier,f
Olympe,f
Ombeline,f
Onésime,f
Ophélie,f
Oriane,f
Orianne,m
Osanne,m
Oscar,m
Ovide,f
Pascal,f
Pascale,m
Pascaline,f
Patrice 1,f
Patrick,m
Paul,f
Paule,m
Paulette,f
Pauline,f
Pénélope,f
Pépin,f
Perle,m
Perrine,f
Pétronille,m
Philbert,m
Philémon,m
Philibert,f
Philippe,m
Philippine,m
Philomène,m
Pièrre,m
Pierre,m
Pierrette,f
Pierrick,m
Placide,m
Pons,m
Priscilla,f
Priscille,f
Prosper,m
Prudence,m
Prune,f
Quentin,m
Rachel,m
Rachelle,f
Rainier,f
Raoul,f
Raphaël,m
Raphaëlle,m
Raymond,m
Raymonde,m
Rébecca,m
Régine,m
Régis,m
Reine,f
Rémi,m
Rémy,m
Renard,m
Renaud,f
René,f
Renée,m
Reynaud,f
Richard,m
Robert,m
Roberte,m
Robin,f
Roch,f
Rodolph,m
Rodolphe,f
Rodrigue,m
Roger,f
Roland,m
Rolande,f
Rolland,f
Romain,m
Romaine,f
Romane,m
Roméo,f
Romuald,f
Romy,f
Ronan,f
Rosaire,f
Rosalie,m
Rose,m
Roseline,m
Roselle,m
Rose-Marie,m
Rosemonde,f
Rosette,m
Rosine,m
Roxane,m
Roxanne,m
Ruben,f
Sabine,f
Sabrina,m
Sacha,f
Salomé,m
Salomon,f
Samson,m
Samuel,f
Sandra,m
Sandrine,f
Sara,m
Sarah,m
Sasha,f
Scholastique,m
Sébastien,m
Sébastienne,f
Sébire,m
Ségolène,m
Sélène,f
Séphora,m
Séraphin,f
Séraphine,m
Séréna,m
Serge,m
Sergine,f
Sévère,m
Séverin,m
Sévérine,f
Séverine,f
Sibylle,m
Sidonie,f
Simon 1,f
Simone 1,m
Simonne,f
Sixte,f
Sixtine,m
Soan,f
Sohan,f
Solange,f
Solène,f
Soline,m
Sophie,m
Soraya,f
Stéphane,m
Stéphanie,f
Sullivan,m
Suzanne,f
Suzette,f
Sybille,m
Sylvain,f
Sylvaine,m
Sylvestre,f
Sylvette,m
Sylviane,m
Sylvianne,m
Sylvie,m
Tancrède,m
Tanguy,m
Tatiana,f
Tatienne,m
Télesphore,f
Thaïs,m
Théa,m
Théo,m
Théodora,m
Théodore,m
Théophile,m
Théotime,f
Thérèse,f
Thibaud,f
Thibault,m
Thibaut,m
Thierry,m
Thomas,m
Timéo,m
Timothé,m
Timothée,m
Tiphaine,m
Tiphanie,f
Toinette,m
Toussaint,f
Tristan,m
Ugène,f
Ulysse,m
Urbain,f
Ursule,f
Vaast,f
Valentin,m
Valentine 2,f
Valère,m
Valérian,f
Valériane,m
Valérie,f
Valéry,m
Vanessa,m
Vérène,f
Véronique,m
Vespasien,f
Victoire,m
Victor,f
Victoria,f
Victorien,m
Victorin,f
Victorine,f
Vincent,f
Vincente,f
Violette,m
Virgile,m
Virginie,f
Vital,m
Viviane,m
Vivianne,m
Vivien 1,f
Vivienne,m
Wanda,f
Xavier,f
Yanick,m
Yanis,f
Yann,f
Yannick,m
Yasmina,m
Yasmine,f
Yoan 1,f
Yoann,f
Yohan,m
Yohann,m
Yolande,m
Youri,m
Yseult,m
Yvan,m
Yveline,m
Yvelise,f
Yves,f
Yvette,f
Yvon,m
Yvonne,m
Zacharie,f
Zélie,f
Zénaïde,f
Zéphyrine,f
Zoé,m
